iter	RMSE
0	3.008275322
1	2.943814633
