iter	RMSE
0	2.383642307
1	2.334324969
