iter	RMSE
0	2.375575985
1	2.318302872
